연번,지번주소,도로명 주소,위도,경도
1,서울특별시 강남구 역삼1동 694-6,"서울특별시 강남구 테헤란로57길 38 (역삼동, 동우빌라)",37.5067486779,127.0463745363
2,서울특별시 강남구 역삼1동 698-14,서울특별시 강남구 테헤란로 53길 51 (역삼동),37.5068409001,127.0443692184
3,서울특별시 강남구 역삼1동 697-4,서울특별시 강남구 테헤란로 53길 37 (역삼동),37.5062405492,127.0453479614
4,서울특별시 강남구 역삼1동 695-20,서울특별시 강남구 테헤란로55길50 (역삼동),37.5070938247,127.0450505713
5,서울특별시 강남구 역삼1동683-29,서울특별시 강남구봉은사로50길41 (역삼동),37.5078620891,127.0446350458
6,서울특별시 강남구 역삼1동 683-6,서울특별시 강남구 봉은사로50길27,37.5084117808,127.0437013743
7,서울특별시 강남구 역삼1동 681-46,서울특별시 강남구 선릉로107길 24 (역삼동),37.5092690379,127.0420994223
8,서울특별시 강남구 역삼1동 687-5,서울특별시 강남구 언주로108길12 (역삼동),37.5082905575,127.0405231341
9,서울특별시 강남구 역삼1동 687-3,서울특별시 강남구 언주로106길 11 ,37.5079947986,127.0406659347
10,서울특별시 강남구 역삼1동 690-2,서울특별시 강남구 봉은사로44길39 (역삼동),37.5068827231,127.0413441576
11,서울특별시 강남구 역삼1동 690-16,서울특별시 강남구 언주로100길11 (역삼동),37.5065944798,127.0418889123
12,서울특별시 강남구 역삼1동 690-29,서울특별시 강남구 봉은사로48길32,37.5074037013,127.0420612777
13,서울특별시 강남구 역삼1동 685-14,서울특별시 강남구 언주로106길32,37.5082354917,127.0423616910
14,서울특별시 강남구 역삼1동 693,서울특별시 강남구 테헤란로53길70,37.5077987426,127.0431966979
15,서울특별시 강남구 역삼1동 692-7,서울특별시 강남구 봉은사로48길53 (역삼동),37.5067181797,127.0436532244
16,서울특별시 강남구 역삼1동 692-6,서울특별시 강남구 봉은사로48길49 (역삼동),37.5068316852,127.0434662232
17,서울특별시 강남구 역삼1동 704-43,서울특별시 강남구 테헤란로47길19,37.5048914264,127.0452374413
18,서울특별시 강남구 역삼동 760,서울특별시 강남구 언주로70길12(역삼동),37.4970353079,127.0465711776
19,서울특별시 강남구 역삼동 760-7,"서울특별시 강남구 언주로70길18-8 (역삼동, 현대트라움아파트)",37.4966557041,127.0472764765
20,서울특별시 강남구 역삼동 758,서울특별시 강남구 언주로70길30 (역삼동),37.4974470278,127.0480217582
21,서울특별시 강남구 역삼동 766,서울특별시 강남구도곡로51길10 (역삼동),37.4959229413,127.0496298469
22,서울특별시 강남구 역삼동 766-1,서울특별시 강남구 도곡로51길 6 (역삼동),37.4958136115,127.0497193365
23,서울특별시 강남구 역삼동 776-8,서울특별시 강남구 논현로64길 7 (역삼동),37.4939744309,127.0409119713
24,서울특별시 강남구 역삼동 784-7,서울특별시 강남구 언주로 307 (역삼동),37.4948857027,127.0458379768
25,서울특별시 강남구 역삼동 783-19,서울특별시 강남구 도곡로 37길 15 (역삼동),37.4948620577,127.0447637977
26,서울특별시 강남구 역삼동 779-10,서울특별시 강남구 언주로 65길 6 (역삼동),37.4956642373,127.0452023603
27,서울특별시 강남구 역삼동 783-18,서울특별시 강남구 언주로65길13 (역삼동),37.4951038340,127.0449058602
28,서울특별시 강남구 역삼동 781-40,서울특별시 강남구 논현로66길 11(역삼동),37.4942471430,127.0412363231
29,서울특별시 강남구 역삼동 773-3,서울특별시 강남구 언주로333 (역삼동),37.4975740017,127.0447529770
30,서울특별시 강남구 역삼동 774-37,서울특별시 강남구 언주로71길 13 (역삼동),37.4971510327,127.0438896574
31,서울특별시 강남구 역삼동 771-12,서울특별시 강남구 언주로71길 20 (역삼동),37.4972541433,127.0433054051
32,서울특별시 강남구 역삼동 771-16,서울특별시 강남구 언주로71길 28 (역삼동),37.4969889128,127.0427396004
33,서울특별시 강남구 역삼동 725-57,서울특별시 강남구 테헤란로28길 41 (역삼동),37.4984648733,127.0398413356
34,서울특별시 강남구 역삼동 725-13,서울특별시 강남구 테헤란로30길22 (역삼동),37.4995896924,127.0395645260
35,서울특별시 강남구 역삼동 725-19,서울특별시 강남구 테헤란로 30길 27 (역삼동),37.4995448915,127.0398944958
36,서울특별시 강남구 역삼동 728-40,서울특별시 강남구 논현로76길 25 (역삼동),37.4976614872,127.0407765831
37,서울특별시 강남구 역삼동 728-31,서울특별시 강남구 논현로 80길 28 (역삼동),37.4984502789,127.0406293200
38,서울특별시 강남구 역삼동 723-13,서울특별시 강남구 테헤란로34길 27 (역삼동),37.4998789951,127.0409174544
39,서울특별시 강남구 역삼동 724,서울특별시 강남구 테헤란로34길 35 (역삼동),37.4992643489,127.0411189820
40,서울특별시 강남구 역삼동 724-1,서울특별시 강남구 테헤란로34길 33-4 (역삼동),37.4993397987,127.0412753118
41,서울특별시 강남구 역삼동 724-21,서울특별시 강남구 테헤란로 38길 40-11 (역삼동),37.4995605264,127.0420946497
42,서울특별시 강남구 역삼동 725-36,서울특별시 강남구 논현로80길 33 (역삼동),37.4987959368,127.0410584493
43,서울특별시 강남구 역삼동 729-25,서울특별시 강남구 역삼로33길 12 (역삼동),37.4980812054,127.0417244780
44,서울특별시 강남구 역삼동 732-27,서울특별시 강남구 역삼로 233 (역삼동),37.4974230961,127.0420188133
45,서울특별시 강남구 역삼동 607-15,서울특별시 강남구 봉은사로15길37 (역삼동),37.5047851991,127.0342546569
46,서울특별시 강남구 역삼동 608-26,서울특별시 강남구 논현로101길 20 (역삼동),37.5041989000,127.0333620620
47,서울특별시 강남구 역삼동 608,서울특별시 강남구 봉은사로 20길 41 (역삼동),37.5044789837,127.0328578899
48,서울특별시 강남구 역삼동 613-24,서울특별시 강남구 봉은사로20길18 (역삼동),37.5051652204,127.0310784899
49,서울특별시 강남구 역삼동 613-6,서울특별시 강남구 봉은사로18길 25 (역삼동),37.5045649534,127.0301013134
50,서울특별시 강남구 역삼동 615-46,서울특별시 강남구 봉은사로16길 38 (역삼동),37.5041706329,127.0284469013
51,서울특별시 강남구 역삼동 619-11,서울특별시 강남구 봉은사로 18길 70 (역삼동),37.5022146211,127.0277682800
52,서울특별시 강남구 역삼동 619-24,서울특별시 강남구 봉은사로18길 82 (역삼동),37.5013828810,127.0274755168
53,서울특별시 강남구 역삼동 620-21,서울특별시 강남구 테헤란로5길 41 (역삼동),37.5013136656,127.0290574167
54,서울특별시 강남구 역삼동 620-24,서울특별시 강남구 테헤란로5길 49 (역삼동),37.5017450016,127.0293230114
55,서울특별시 강남구 역삼동 621-36,서울특별시 강남구 강남대로 100길 31 (역삼동),37.5022106697,127.0284705857
56,서울특별시 강남구 역삼동 622-4,서울특별시 강남구 봉은사로 22길 64 (역삼동),37.5030872774,127.0294938563
57,서울특별시 강남구 역삼동 632,서울특별시 강남구 테헤란로13길 52 (역삼동),37.5029759958,127.0312743661
58,서울특별시 강남구 역삼동 623-12,서울특별시 강남구봉은사로22길 52 (역삼동),37.5036966770,127.0300128637
59,서울특별시 강남구 역삼동 624-1,서울특별시 강남구 봉은사로22길 37 (역삼동),37.5044743899,127.0308481655
60,서울특별시 강남구 역삼동 612-8,서울특별시 강남구 봉은사로24길38 (역삼동),37.5045198363,127.0317336162
61,서울특별시 강남구 역삼동 624-30,서울특별시 강남구 봉은사로24길 52 (역삼동),37.5036050012,127.0315624554
62,서울특별시 강남구 역삼동 630-1,서울특별시 강남구 봉은사로24길65 (역삼동),37.5026724991,127.0320877222
63,서울특별시 강남구 역삼동 637-6,서울특별시 강남구 테헤란로13길 22-11 (역삼동),37.5016696830,127.0320757576
64,서울특별시 강남구 역삼동 636-33,서울특별시 강남구 강남대로94길 51-14 (역삼동),37.5013576685,127.0310495435
65,서울특별시 강남구 역삼동 636-24,서울특별시 강남구 강남대로 94길 51-4 (역삼동),37.5006681294,127.0313878513
66,서울특별시 강남구 역삼동 638,서울특별시 강남구 논현로97길29 (역삼동),37.5026847792,127.0332947761
67,서울특별시 강남구 역삼동 645 ,서울특별시 강남구 논현로95길 33 (역삼동),37.5015406599,127.0333733193
68,서울특별시 강남구 역삼동 643-15,서울특별시 강남구 테헤란로21길24 (역삼동),37.5017528512,127.0343013358
69,서울특별시 강남구 역삼동 643-2,서울특별시 강남구 논현로95길 17 (역삼동),37.5020332776,127.0344960966
70,서울특별시 강남구 역삼동 739-15,서울특별시 강남구논현로79길 24,37.4975937599,127.0362687127
71,서울특별시 강남구 역삼동 744-3,서울특별시 강남구 테헤란로 22길 45,37.4969707961,127.0359999475
72,서울특별시 강남구 역삼동 830-20,서울특별시 강남구 역삼로5길 7,37.4942940126,127.0321933735
73,서울특별시 강남구 역삼동 827-68,서울특별시 강남구강남대로 78길 35,37.4957088628,127.0321966949
74,서울특별시 강남구 역삼동 828-19,서울특별시 강남구 테헤란로 10길 30,37.4971396883,127.0327541412
75,서울특별시 강남구 역삼동 796-2,서울특별시 강남구 논현로67길 13,37.4939337472,127.0389216198
76,서울특별시 강남구 역삼동 796-5,서울특별시 강남구 논현로67길 13-3,37.4938153364,127.0389776462
77,서울특별시 강남구 역삼동 834-68,서울특별시 강남구 논현로57길 60,37.4930883678,127.0350675553
78,서울특별시 강남구 역삼동 836-26,서울특별시 강남구 강남대로 66길 32,37.4922851473,127.0334185028
79,서울특별시 강남구 역삼동 835-54,,37.4921387441,127.0353736053
80,서울특별시 강남구 역삼동 794-22,서울특별시 강남구 도곡로 17길 18,37.4925916120,127.0372285914
81,서울특별시 강남구 역삼동 793-32,서울특별시 강남구 도곡로 17길 11,37.4922818379,127.0369665490
82,서울특별시 강남구 역삼동  741-33 ,서울특별시 강남구  테헤란로16길 42,37.4968582322,127.0345863325
83,서울특별시 강남구 역삼동 795-25,서울특별시 강남구 도곡로 21길 7,37.4925927947,127.0388717349
84,서울특별시 강남구 역삼동 796-14,서울특별시 강남구 논현로 65길 14,37.4934317987,127.0391864182
85,서울특별시 강남구 역삼동 795-12,서울특별시 강남구 논현로 65길 26,37.4931679960,127.0383252945
86,서울특별시 강남구 역삼동 795-15,서울특별시 강남구 논현로 65길 30,37.4930106103,127.0379836022
87,서울특별시 강남구 역삼동 794-17,서울특별시 강남구 논현로65길 34 ,37.4929188128,127.0376548352
88,서울특별시 강남구 역삼동 794-25,서울특별시 강남구 도곡로19길 11,37.4924719914,127.0379738308
89,서울특별시 강남구 역삼동 674-43,서울특별시 강남구 테헤란로 39길 31,37.5045375342,127.0407174409
90,서울특별시 강남구 역삼동 674-4,서울특별시 강남구 테헤란로37길 36,37.5046077197,127.0401993837
91,서울특별시 강남구 역삼동 663-2,서울특별시 강남구 논현로102길 40,37.5056614307,127.0383466092
92,서울특별시 강남구 역삼동 663-29,서울특별시 강남구 언주로99길 14,37.5057904641,127.0396818012
93,서울특별시 강남구 역삼동 663-26,서울특별시 강남구 언주로99길 20,37.5056286291,127.0391853280
94,서울특별시 강남구 역삼동 663-22,서울특별시 강남구 언주로99길 26,37.5054462424,127.0387093170
95,서울특별시 강남구 역삼동 664,서울특별시 강남구 봉은사로34길 51,37.5051164155,127.0383377351
96,서울특별시 강남구 역삼동 660-32,서울특별시 강남구 봉은사로34길 38,37.5059515916,127.0376706543
97,서울특별시 강남구 역삼동 661-21,서울특별시 강남구 언주로103길 15,37.5064646201,127.0387960245
98,서울특별시 강남구 역삼동 656-20,서울특별시 강남구 테헤란로 39길 77,37.5071349195,127.0389430626
99,서울특별시 강남구 역삼동 655-13,서울특별시 강남구 봉은사로34길 21,37.5069551880,127.0372068826
100,서울특별시 강남구 역삼동 650-20,서울특별시 강남구 논현로 566,37.5070324421,127.0347144182
101,서울특별시 강남구 역삼동 608-27,서울특별시 강남구 논현로101길 16,37.5043359707,127.0335820950
102,서울특별시 강남구 역삼동 608-25,서울특별시 강남구 봉은사로20길 43,37.5043409719,127.0331012124
103,서울특별시 강남구 역삼동 609-23,서울특별시 강남구 봉은사로20길 37,37.5046324841,127.0326446570
104,서울특별시 강남구 역삼동 609-8,서울특별시 강남구봉은사로20길 31,37.5048162105,127.0322751364
105,서울특별시 강남구 역삼동 610-9,서울특별시 강남구 봉은사로20길 23,37.5051538051,127.0316536985
106,서울특별시 강남구 역삼동 614-14,서울특별시 강남구 봉은사로18길24,37.5048508035,127.0298996633
107,서울특별시 강남구 역삼동 615-46,서울특별시 강남구 븡은사로16길 38,37.5041706329,127.0284469013
108,서울특별시 강남구 역삼동 619-7,서울특별시 강남구 강남대로100길 13-7,37.5022213561,127.0274796692
109,서울특별시 강남구 역삼동 619-24,서울특별시 강남구 봉은사로18길 82 ,37.5013828810,127.0274755168
110,서울특별시 강남구 역삼동 620-21,서울특별시 강남구 테헤란로5길 41,37.5013136656,127.0290574167
111,서울특별시 강남구 역삼동 666-14 ,서울특별시 강남구 봉은사로30길 47,37.5045619468,127.0363098576
112,서울특별시 강남구 역삼동 621-34,서울특별시 강남구 테헤란로5길 55,37.5021464987,127.0292872049
113,서울특별시 강남구 일원1동 627-15,서울특별시 강남구 일원로3길 55 (일원동),37.4927426947,127.0843597391
114,서울특별시 강남구 일원1동 627,서울특별시 강남구 개포로128길 35 (일원동),37.4929200673,127.0842834973
115,서울특별시 강남구 일원1동 628,서울특별시 강남구 개포로128길 25 (일원동),37.4935356354,127.0840303248
116,서울특별시 강남구 일원1동 625-25,서울특별시 강남구 개포로124길 19 (일원동),37.4934777427,127.0832071524
117,서울특별시 강남구 일원1동 623-10,"서울특별시 강남구 개포로124길 22 (일원동, 다세대주택)",37.4933493917,127.0828903872
118,서울특별시 강남구 일원1동 642-10,서울특별시 강남구 일원로3길 92 (일원동),37.4932237999,127.0866456143
119,서울특별시 강남구 일원1동 620-10 (2),"서울특별시 강남구 개포로116길 19 (일원동, 우미아이에스빌)",37.4930254841,127.0818502671
120,서울특별시 강남구 일원1동 619,서울특별시 강남구 개포로 626 (일원동),37.4940372841,127.0813730404
121,서울특별시 강남구 일원1동 629,"서울특별시 강남구 개포로118길 50 (일원동, 다세대주택)",37.4944857029,127.0835844920
122,서울특별시 강남구 일원1동 629-1,서울특별시 강남구 개포로130길 6 (일원동),37.4945566855,127.0837354217
123,서울특별시 강남구 일원1동 639-5,서울특별시 강남구 개포로 666 (일원동),37.4953270728,127.0853350428
124,서울특별시 강남구 일원1동 637-6,서울특별시 강남구 개포로136길 33 (일원동),37.4936940621,127.0858686189
125,서울특별시 강남구 일원1동 636,"서울특별시 강남구 개포로138길 36-15 (일원동, 다세대주택)",37.4932372504,127.0852481947
126,서울특별시 강남구 일원1동 648-7,"서울특별시 강남구 양재대로53길 23 (일원동, 골든빌)",37.4921405552,127.0868420229
127,서울특별시 강남구 일원1동 646-5,"서울특별시 강남구 일원로9길 71 (일원동, 다세대주택)",37.4911636898,127.0873221445
128,서울특별시 강남구 일원1동 646-5,"서울특별시 강남구 일원로9길 71 (일원동, 다세대주택)",37.4911636898,127.0873221445
129,서울특별시 강남구 일원1동 652-1,"서울특별시 강남구 양재대로51길 15-3 (일원동, 한차임)",37.4918177280,127.0868370129
130,서울특별시 강남구 일원1동 661-3,서울특별시 강남구 양재대로45길 15 (일원동),37.4912405913,127.0852862938
131,서울특별시 강남구 일원1동 659-1,서울특별시 강남구 양재대로47길 13 (일원동),37.4911962839,127.0857534747
132,서울특별시 강남구 일원1동 657-6,서울특별시 강남구 양재대로47길 25 (일원동),37.4917455427,127.0854982091
133,서울특별시 강남구 일원1동 657-7,서울특별시 강남구 양재대로45길 22 (일원동),37.4917016870,127.0853413212
134,서울특별시 강남구 일원1동 671-5,"서울특별시 강남구 양재대로39길 25 (일원동, 삼삼빌4차)",37.4918177280,127.0868370129
135,서울특별시 강남구 일원1동 678-4,서울특별시 강남구 양재대로35길 19 (일원동),37.4909075723,127.0830188568
136,서울특별시 강남구 일원1동 675,서울특별시 강남구 양재대로35길 16 (일원동),37.4908124860,127.0833174977
137,서울특별시 강남구 일원1동 680-8,"서울특별시 강남구 양재대로35길 11 (일원동, 다세대주택)",37.4903825302,127.0833105748
138,서울특별시 강남구 일원1동 676-5,서울특별시 강남구 양재대로35길 20 (일원동),37.4909766854,127.0832665697
139,서울특별시 강남구 일원본동 720-3,서울특별시 강남구 광평로9길 13 (일원동),37.4836450660,127.0795151918
140,서울특별시 강남구 일원본동 723-3,서울특별시 강남구 광평로7길 3 (일원동),37.4829946507,127.0792131871
141,서울특별시 강남구 일원본동 726-4,서울특별시 강남구 광평로3길 4 (일원동),37.4829205521,127.0785919361
142,서울특별시 강남구 일원본동 729-11,서울특별시 강남구 광평로1길 3 (일원동),37.4829100740,127.0778151766
143,서울특별시 강남구 일원본동 729-8,서울특별시 강남구 광평로1길 9 (일원동),37.4831965454,127.0777531753
144,서울특별시 강남구 일원본동 728-5,서울특별시 강남구 광평로1길 14 (일원동),37.4834428899,127.0780131400
145,서울특별시 강남구 일원본동 729,서울특별시 강남구 광평로1길 21 (일원동),37.4838860121,127.0775932239
146,서울특별시 강남구 일원본동 724-7,서울특별시 강남구 광평로5길 18 (일원동),37.4839143004,127.0788232911
147,서울특별시 강남구 대치1동 1017-2,"서울특별시 강남구 도곡로78길 22 (대치동, 대치삼성아파트)",37.4966357303,127.0588476129
148,서울특별시 강남구 대치1동 1015-7,서울특별시 강남구 도곡로78길 8 (대치동),37.4974072125,127.0587662311
149,서울특별시 강남구 대치1동 1014-2,서울특별시 강남구 삼성로57길 39 (대치동),37.4971655454,127.0580721501
150,서울특별시 강남구 대치1동 1013,서울특별시 강남구 도곡로64길 21 (대치동),37.4956174948,127.0577682282
151,서울특별시 강남구 대치2동 951-7,"서울특별시 강남구 영동대로85길 17-6 (대치동, 비취타운)",37.5065839432,127.0621354206
152,서울특별시 강남구 대치2동 944-27,서울특별시 강남구 영동대로85길 34 (대치동),37.5068334516,127.0608856472
153,서울특별시 강남구 대치2동 954-9,서울특별시 강남구 역삼로87길 21 (대치동),37.5053142095,127.0604712678
154,서울특별시 강남구 대치2동 933 건너편,서울특별시 강남구 역삼로87길 8 (대치동),37.4989983927,127.0571063270
155,서울특별시 강남구 대치2동 954-7,"서울특별시 강남구 삼성로76길 23-16 (대치동, 대치동 다세대주택 (용봉빌라))",37.5051592402,127.0601111538
156,서울특별시 강남구 대치2동 954,서울특별시 강남구 삼성로82길 26 (대치동),37.5054268168,127.0599771213
157,서울특별시 강남구 대치2동 955-15,서울특별시 강남구 역삼로83길 16 (대치동),37.5046955683,127.0596065970
158,서울특별시 강남구 대치2동 956-7,서울특별시 강남구 삼성로84길 31 (대치동),37.5060406905,127.0601171762
159,서울특별시 강남구 대치2동 960-10,서울특별시 강남구 역삼로 511-5 (대치동),37.5037571860,127.0593983212
160,서울특별시 강남구 대치2동 967-8,서울특별시 강남구 영동대로71길 14 (대치동),37.5042923013,127.0638724867
161,서울특별시 강남구 대치2동 965-24 건너편,서울특별시 강남구 역삼로88길 11 건너편 (대치동),37.5032621200,127.0612673815
162,서울특별시 강남구 대치2동 971-15,서울특별시 강남구 역삼로90길 18 (대치동),37.5028300703,127.0619919601
163,서울특별시 강남구 대치2동 980-1,서울특별시 강남구 역삼로92길 22 (대치동),37.5030210775,127.0628557051
164,서울특별시 강남구 대치2동 980-3,서울특별시 강남구 역삼로90길 25 (대치동),37.5026186557,127.0627478157
165,서울특별시 강남구 대치2동 986,"서울특별시 강남구 삼성로64길 36 (대치동, 하이캐슬)",37.5004074255,127.0633889963
166,서울특별시 강남구 대치2동 975-19,서울특별시 강남구 도곡로83길 14 (대치동),37.5003750831,127.0621954153
167,서울특별시 강남구 대치4동 903-27 건너편,서울특별시 강남구 역삼로463-5 건너편 (대치동),37.5032647775,127.0581489151
168,서울특별시 강남구 대치4동 903,서울특별시 강남구 역삼로77길 8 (대치동),37.5030991344,127.0565575501
169,서울특별시 강남구 대치4동 891-60,"서울특별시 강남구 테헤란로 428 (대치동, 테헤란로 대우 아이빌)",37.5056919892,127.0541831999
170,서울특별시 강남구 대치4동 901-37,서울특별시 강남구 역삼로73길 23 (대치동),37.5035353698,127.0547111519
171,서울특별시 강남구 대치4동 904-1,서울특별시 강남구 역삼로73길 8 (대치동),37.5025580409,127.0555013013
172,서울특별시 강남구 대치4동 905-17,"서울특별시 강남구 역삼로71길 6 (대치동, 리치웰빌리지)",37.5023324752,127.0548237065
173,서울특별시 강남구 대치4동 901-29,서울특별시 강남구 삼성로75길 40-6 (대치동),37.5030709619,127.0547751636
174,서울특별시 강남구 대치4동 900-59,"서울특별시 강남구 선릉로82길 40-5 (대치동, 나라키움 대치동주택)",37.5030322828,127.0536539196
175,서울특별시 강남구 대치4동 900-38,"서울특별시 강남구 선릉로76길 33 (대치동, 대치파인빌)",37.5021859205,127.0531614729
176,서울특별시 강남구 대치4동 890-57,서울특별시 강남구 테헤란로64길 19 (대치동),37.5037734654,127.0518024014
177,서울특별시 강남구 대치4동 899-23,서울특별시 강남구 선릉로76길 9-16 (대치동),37.5020907669,127.0513450226
178,서울특별시 강남구 대치4동 899-34,서울특별시 강남구 선릉로76길 17 (대치동),37.5017801189,127.0519204497
179,서울특별시 강남구 대치4동 920-3,서울특별시 강남구 선릉로72길 10-3 (대치동),37.5000451377,127.0523385849
180,서울특별시 강남구 대치4동 922-8,서울특별시 강남구 선릉로68길 10 (대치동),37.4989707678,127.0525644635
181,서울특별시 강남구 대치4동 918-13,서울특별시 강남구 선릉로72길 34 (대치동),37.5007029585,127.0540120123
182,서울특별시 강남구 대치4동 916-53,서울특별시 강남구 삼성로67길 38 (대치동),37.5004357336,127.0564272968
183,서울특별시 강남구 대치4동 916-23,서울특별시 강남구 삼성로71길 31 (대치동),37.5014792223,127.0563563818
184,서울특별시 강남구 대치4동 916-21,서울특별시 강남구 삼성로69길 38 (대치동),37.5010073762,127.0561448860
185,서울특별시 강남구 대치4동 916-34,서울특별시 강남구 역삼로78길 18 (대치동),37.5013017190,127.0571176939
186,서울특별시 강남구 대치4동 912-25,서울특별시 강남구 삼성로71길 6 (대치동),37.5024409957,127.0583163328
187,서울특별시 강남구 대치4동 931-21,서울특별시 강남구 삼성로 327 (대치동),37.5008908650,127.0594815473
188,서울특별시 강남구 대치4동 930-16,서울특별시 강남구 삼성로63길 16 (대치동),37.4998583531,127.0588603198
189,서울특별시 강남구 대치4동 930-12,서울특별시 강남구 삼성로63길 16-6 (대치동),37.5001262858,127.0587325125
190,서울특별시 강남구 대치4동 929-11,서울특별시 강남구 도곡로77길 26 (대치동),37.4999533236,127.0581233899
191,서울특별시 강남구 대치4동 933-6,서울특별시 강남구 도곡로77길 15-1 (대치동),37.4993199599,127.0578510340
192,서울특별시 강남구 대치4동 935-36,서울특별시 강남구 도곡로63길 12 (대치동),37.4978004006,127.0544651891
193,서울특별시 강남구 대치4동 935-41,서울특별시 강남구 선릉로62길 39 (대치동),37.4981909245,127.0555664866
194,서울특별시 강남구 대치4동 939,서울특별시 강남구 도곡로69길 10 (대치동),37.4980972524,127.0560696532
195,서울특별시 강남구 대치4동 940-13,서울특별시 강남구 도곡로 435 (대치동),37.4985861610,127.0577066207
196,서울특별시 강남구 대치4동 940-3,서울특별시 강남구 도곡로 435 (대치동),37.4985861610,127.0577066207
197,서울특별시 강남구 대치4동 941-15,서울특별시 강남구 삼성로61길 3 (대치동),37.4993955008,127.0601234965
198,서울특별시 강남구 도곡1동 950-18,서울특별시 강남구 남부순환로355길 24,37.4864801568,127.0355057755
199,서울특별시 강남구 도곡1동 955-6,서울특별시 강남구 강남대로42길 31 ,37.4857590510,127.0364877702
200,서울특별시 강남구 도곡1동 959-11,서울특별시 강남구 남부순환로359길 24,37.4863598949,127.0363201549
201,서울특별시 강남구 도곡1동 920-2,서울특별시 강남구 남부순환로361길 6,37.4855940073,127.0375706543
202,서울특별시 강남구 도곡1동 902-37,서울특별시 강남구 남부순환로365길 19 (도곡동),37.4868058902,127.0391527674
203,서울특별시 강남구 도곡1동 903-9,서울특별시 강남구 남부순환로365길 22 (도곡동),37.4868646241,127.0394591042
204,서울특별시 강남구 도곡1동 547-11,"서울특별시 강남구 도곡로18길 10 (도곡동, 백년빌)",37.4907922099,127.0380778017
205,서울특별시 강남구 도곡1동 545-2,서울특별시 강남구 도곡로18길 5,37.4910526277,127.0382741209
206,서울특별시 강남구 도곡1동547-7,서울특별시 강남구 도곡로14길15,37.4902653259,127.0374350424
207,서울특별시 강남구 도곡1동 552-18,서울특별시 강남구 강남대로58길 49 (도곡동),37.4903533513,127.0359951884
208,서울특별시 강남구 도곡1동 941-8,서울특별시 강남구 도곡로6길 13 (도곡동),37.4894267495,127.0345040935
209,서울특별시 강남구 도곡1동 946-1,서울특별시 강남구 강남대로 284 (도곡동),37.4887802184,127.0324840916
210,서울특별시 강남구 도곡1동 944-9,서울특별시 강남구 도곡로4길 19 (도곡동),37.4889920454,127.0340829227
211,서울특별시 강남구 도곡1동 945-17,"서울특별시 강남구 도곡로4길 22 (도곡동, 진하우스)",37.4887421318,127.0339926903
212,서울특별시 강남구 도곡1동 945-14,"서울특별시 강남구 강남대로54길 17 (도곡동, 아크로파크1)",37.4885552824,127.0339243099
213,서울특별시 강남구 도곡1동 948-23,서울특별시 강남구 도곡로2길 32 (도곡동),37.4879131429,127.0338938295
214,서울특별시 강남구 도곡1동 948-10,서울특별시 강남구 남부순환로351길 40 (도곡동),37.4872971630,127.0337565098
215,서울특별시 강남구 도곡1동 949-3,서울특별시 강남구 강남대로 262 (도곡동),37.4869603647,127.0334451897
216,서울특별시 강남구 도곡1동 951-5,"서울특별시 강남구 남부순환로355길 33 (도곡동, 일광하이츠)",37.4869382855,127.0347103192
217,서울특별시 강남구 도곡1동 951-18,서울특별시 강남구 남부순환로351길 22-18 (도곡동),37.4864448394,127.0348938283
218,서울특별시 강남구 도곡1동 951-32,서울특별시 강남구 남부순환로355길 27,37.4865392811,127.0351435293
219,서울특별시 강남구 도곡1동 950-09,서울특별시 강남구 강남대로 44길 27,37.4864492639,127.0357657069
220,서울특별시 강남구 도곡1동 955-6,서울특별시 강남구 강남대로42길 31 (도곡동),37.4857590510,127.0364877702
221,서울특별시 강남구 도곡1동 959-10,서울특별시 강남구 남부순환로359길 26,37.4864246150,127.0362298440
222,서울특별시 강남구 도곡1동 914-33,서울특별시 강남구 남부순환로363길 7,37.4857838996,127.0379783602
223,서울특별시 강남구 도곡1동 902-37,서울특별시 강남구 남부순환로365길 19 (도곡동),37.4868058902,127.0391527674
224,서울특별시 강남구 도곡1동 903-9,서울특별시 강남구 남부순환로365길 22 (도곡동),37.4868646241,127.0394591042
225,서울특별시 강남구 도곡2동 542-12,서울특별시 강남구 논현로58길 33 (도곡동),37.4928607191,127.0438613648
226,서울특별시 강남구 도곡2동 899-5,서울특별시 강남구 논현로 207,37.4883385484,127.0411455573
227,서울특별시 강남구 도곡2동 161,"서울특별시 강남구 남부순환로379길 14 (도곡동, 삼성아파트)",37.4893275646,127.0463116374
228,서울특별시 강남구 도곡2동 181,서울특별시 강남구 남부순환로381길46,37.4873214911,127.0453296255
229,서울특별시 강남구 도곡2동 869,서울특별시 강남구 논현로 218 (삼익아파트),37.4912791695,127.0421605615
230,서울특별시 강남구 도곡2동 422-8,서울특별시 강남구 논현로26길 51 (도곡동),37.4842938960,127.0460986798
231,서울특별시 강남구 도곡2동 459-5,서울특별시 강남구 논현로26길 46-11 (도곡동),37.4834780993,127.0466180501
232,서울특별시 강남구 도곡2동 456-15,서울특별시 강남구 논현로26길 38 (도곡동),37.4835072744,127.0452730500
233,서울특별시 강남구 도곡2동 423-15,서울특별시 강남구 논현로28길 28 (도곡동),37.4833794378,127.0447567201
234,서울특별시 강남구 도곡2동 450-2,서울특별시 강남구 논현로26길 18-6 (도곡동),37.4821673656,127.0443726014
235,서울특별시 강남구 도곡2동 424-13,서울특별시 강남구 논현로26길 19 (도곡동),37.4826507419,127.0441719735
236,서울특별시 강남구 도곡2동 515-8,"서울특별시 강남구 논현로32길 6 (도곡동, 정원빌라)",37.4837421162,127.0427498047
237,서울특별시 강남구 도곡2동 514-6,"서울특별시 강남구 남부순환로370길 20 (도곡동, 도곡스타빌)",37.4841206990,127.0425583741
238,서울특별시 강남구 도곡2동 515-4,서울특별시 강남구 논현로 148 (도곡동),37.4830244320,127.0428349853
239,서울특별시 강남구 도곡2동 416-6,서울특별시 강남구 논현로36길 31 (도곡동),37.4852077342,127.0443583439
240,서울특별시 강남구 도곡2동 542-12,서울특별시 강남구 논현로58길 33 (도곡동),37.4928607191,127.0438613648
241,서울특별시 강남구 도곡2동 899-5,서울특별시 강남구 논현로 207,37.4883385484,127.0411455573
242,서울특별시 강남구 도곡2동 161,"서울특별시 강남구 남부순환로379길 14 (도곡동, 삼성아파트)",37.4893275646,127.0463116374
243,서울특별시 강남구 도곡2동 184-3,서울특별시 강남구 도곡동 184-3 (현대빌라트),37.4876843095,127.0453751862
244,서울특별시 강남구 자곡동 밤고개로 12길 52,서울특별시 강남구 밤고개로12길 52 (자곡동),37.4812964113,127.1006618534
245,서울특별시 강남구 자곡동 밤고개로 14길 19-9,서울특별시 강남구 밤고개로14길 19-9 (자곡동),37.4808770755,127.1035879814
246,서울특별시 강남구 자곡동 푸른어린이집 옆,서울특별시 강남구 자곡로7길 8-1 (자곡동),37.4735593427,127.0998267784
247,서울특별시 강남구 자곡동 자곡로 7길 22-11,서울특별시 강남구 자곡로7길 22-11 (자곡동),37.4744190129,127.0979767113
248,서울특별시 강남구 자곡동 424-8,서울특별시 강남구 자곡동 자곡로7길 (자곡동),37.4743527139,127.1000019320
249,서울특별시 강남구 신사동 528-6,서울특별시 강남구 압구정로 108 (신사동),37.5228889090,127.0206000226
250,서울특별시 강남구 신사동 506,서울특별시 강남구 도산대로1길 62 (신사동),37.5207299469,127.0194139220
251,서울특별시 강남구 신사동 507,서울특별시 강남구 도산대로1길 46 (신사동),37.5196830348,127.0196359303
252,서울특별시 강남구 신사동 522-17,서울특별시 강남구 압구정로4길 14-11 (신사동),37.5209804117,127.0200373983
253,서울특별시 강남구 신사동 522-15,서울특별시 강남구 강남대로162길 27-11 (신사동),37.5209381178,127.0202535616
254,서울특별시 강남구 신사동 545-22,서울특별시 강남구 논현로153길 62 (신사동),37.5201276504,127.0232702527
255,서울특별시 강남구 신사동 554-33,서울특별시 강남구 논현로157길 54 (신사동),37.5210616091,127.0242697441
256,서울특별시 강남구 신사동 561-3,서울특별시 강남구 논현로151길 (신사동),37.5196281828,127.0252283047
257,서울특별시 강남구 신사동 569-33,서울특별시 강남구 논현로163길 20 (신사동),37.5240597304,127.0269463117
258,서울특별시 강남구 신사동 558,서울특별시 강남구 도산대로23길 26 (신사동),37.5205972177,127.0260393901
259,서울특별시 강남구 신사동 558-1,서울특별시 강남구 논현로153길 27 (신사동),37.5207570650,127.0259877262
260,서울특별시 강남구 신사동 556-5,서울특별시 강남구 도산대로23길 38 (신사동),37.5213851386,127.0252278781
261,서울특별시 강남구 신사동 554-1,서울특별시 강남구 논현로159길 55 (신사동),37.5216389539,127.0239155190
262,서울특별시 강남구 신사동 552-14,서울특별시 강남구 논현로159길 40 (신사동),37.5224191881,127.0249517526
263,서울특별시 강남구 신사동 551-11,서울특별시 강남구 논현로161길 57 (신사동),37.5222419474,127.0237048498
264,서울특별시 강남구 신사동 551-22,서울특별시 강남구 논현로161길 53 (신사동),37.5224208088,127.0240890737
265,서울특별시 강남구 신사동 552-19,서울특별시 강남구 논현로159길 34 (신사동),37.5227258199,127.0252784434
266,서울특별시 강남구 신사동 567-2,서울특별시 강남구 논현로161길 31 (신사동),37.5231558703,127.0256871944
267,서울특별시 강남구 신사동 567-35,서울특별시 강남구 논현로159길 22-1 (신사동),37.5231027335,127.0259969110
268,서울특별시 강남구 신사동 570-11,서울특별시 강남구 압구정로22길 21 (신사동),37.5242621122,127.0265428080
269,서울특별시 강남구 삼성동 59-10,서울특별시 강남구 영동대로129길 22,37.5184596602,127.0556476560
270,서울특별시 강남구 삼성동 59-2,서울특별시 강남구 삼성로 122길 46,37.5190021682,127.0559116550
271,서울특별시 강남구 삼성동 57-11,서울특별시 강남구 삼성로 120길 52-1 ,37.5189426502,127.0546748894
272,서울특별시 강남구 삼성동 61-6,서울특별시 강남구 삼성로 122길 24,37.5179692972,127.0548677219
273,서울특별시 강남구 삼성동 60-24,서울특별시 강남구삼성로120길 36,37.5181068807,127.0538885694
274,서울특별시 강남구 삼성동 64-13,서울특별시 강남구 학동로88길 20,37.5177922263,127.0529455175
275,서울특별시 강남구 삼성동 54,서울특별시 강남구 학동로 82길 11,37.5182418672,127.0516335633
276,서울특별시 강남구 삼성동 65-7,서울특별시 강남구 학동로82길 24,37.5173582881,127.0517597573
277,서울특별시 강남구 삼성동 64-06,서울특별시 강남구 삼성로120길 17,37.5172635299,127.0527164241
278,서울특별시 강남구 삼성동 69-20,서울특별시 강남구 삼성로 116길 11,37.5150093450,127.0532391138
279,서울특별시 강남구 삼성동 71-6,서울특별시 강남구 봉은사로81길 9,37.5138846249,127.0536308085
280,서울특별시 강남구 삼성동 77-25,서울특별시 강남구 봉은사로 97길 4,37.5143028580,127.0584074538
281,서울특별시 강남구 삼성1동 108-3,"서울특별시 강남구 영동대로112길 26 (삼성동, 삼성아트빌)",37.5151625105,127.0624487278
282,서울특별시 강남구 삼성1동 109-4,"서울특별시 강남구 봉은사로109길 8 (삼성동, 삼성시범주택)",37.5156425849,127.0644253286
283,서울특별시 강남구 삼성1동 101-8,"서울특별시 강남구 봉은사로109길 12 (삼성동, 서진빌라)",37.5160422048,127.0643796348
284,서울특별시 강남구 삼성1동 98-14,"서울특별시 강남구 봉은사로109길 34 (삼성동, 지일빌라)",37.5171897731,127.0631179119
285,서울특별시 강남구 삼성1동 104-4,서울특별시 강남구 영동대로114길 34 (삼성동),37.5163653535,127.0624426039
286,서울특별시 강남구 삼성1동 104,"서울특별시 강남구 봉은사로105길 12-7 (삼성동, 삼성풍림2차아파트)",37.5160235996,127.0624488797
287,서울특별시 강남구 삼성1동 106-5,서울특별시 강남구 영동대로114길 10 (삼성동),37.5153331833,127.0608516050
288,서울특별시 강남구 삼성1동 91-42,서울특별시 강남구 영동대로116길 8 (삼성동),37.5156486243,127.0603254322
289,서울특별시 강남구 삼성1동 90-19,서울특별시 강남구 영동대로118길 9 (삼성동),37.5162499552,127.0603232015
290,서울특별시 강남구 삼성1동 91-15,"서울특별시 강남구 영동대로118길 22 (삼성동, 삼성리더스빌)",37.5163669911,127.0613811407
291,서울특별시 강남구 삼성1동 92-3,서울특별시 강남구 영동대로118길 30-4 (삼성동),37.5167933274,127.0617624610
292,서울특별시 강남구 삼성1동 94,서울특별시 강남구 영동대로118길 40 (삼성동),37.5177176187,127.0618541683
293,서울특별시 강남구 삼성1동 98,"서울특별시 강남구 봉은사로109길 46 (삼성동, 한강빌라)",37.5177539850,127.0631111477
294,서울특별시 강남구 삼성1동 96-17,"서울특별시 강남구 영동대로118길 67 (삼성동, 거봉빌리지1차)",37.5181459645,127.0637022878
295,서울특별시 강남구 삼성1동 96-9,서울특별시 강남구 영동대로118길 75 (삼성동),37.5185183147,127.0640988551
296,서울특별시 강남구 삼성2동 96,"서울특별시 강남구 봉은사로109길 54 (삼성동, 현대빌라)",37.5185424938,127.0632032107
297,서울특별시 강남구 삼성1동 95-5,서울특별시 강남구 봉은사로109길 49-8 (삼성동),37.5181978219,127.0622571483
298,서울특별시 강남구 삼성1동 95,"서울특별시 강남구 영동대로118길 43-6 (삼성동, 도원빌라)",37.5182549135,127.0614581362
299,서울특별시 강남구 삼성1동 95-4,"서울특별시 강남구 봉은사로109길 49-12 (삼성동, 우석그린빌라)",37.5183791760,127.0619483755
300,서울특별시 강남구 삼성1동 85,서울특별시 강남구 영동대로122길 37 (삼성동),37.5181921077,127.0609478137
301,서울특별시 강남구 삼성1동 90-21,서울특별시 강남구 봉은사로105길  (삼성동),37.5168707602,127.0608236698
302,서울특별시 강남구 삼성1동 89,"서울특별시 강남구 영동대로122길 9 (삼성동, 현대빌라)",37.5171178521,127.0598699679
303,서울특별시 강남구 삼성2동 47-20,"서울특별시 강남구 봉은사로71길 13 (삼성동, 상아빌라트)",37.5130510285,127.0496881267
304,서울특별시 강남구 삼성2동 20-3,서울특별시 강남구 삼성로119길 14-2  (삼성동),37.5163307346,127.0502037267
305,서울특별시 강남구 삼성2동 24-1,서울특별시 강남구 삼성로119길 21 (삼성동),37.5156496651,127.0497798877
306,서울특별시 강남구 삼성2동 26-22,서울특별시 강남구 봉은사로71길 43 (삼성동),37.5150472865,127.0488388456
307,서울특별시 강남구 삼성2동 27-5,"서울특별시 강남구 봉은사로67길 46 (삼성동, 로얄빌)",37.5146886265,127.0476636068
308,서울특별시 강남구 삼성2동 27-14,"서울특별시 강남구 봉은사로67길 36 (삼성동, 삼성파크빌)",37.5140347512,127.0479278702
309,서울특별시 강남구 삼성2동 46-7,서울특별시 강남구 봉은사로67길 16 (삼성동),37.5127869806,127.0485168221
310,서울특별시 강남구 삼성2동 45-10,서울특별시 강남구 봉은사로 459 (삼성동),37.5123701991,127.0497610826
311,서울특별시 강남구 삼성2동 27-23,"서울특별시 강남구 봉은사로69길 43 (삼성동, 메이하우스)",37.5147032875,127.0481703569
312,서울특별시 강남구 삼성2동 29,서울특별시 강남구 선릉로120길 34 (삼성동),37.5143706643,127.0453706387
313,서울특별시 강남구 삼성2동 31-20,서울특별시 강남구 봉은사로61길 41 (삼성동),37.5137898704,127.0453881585
314,서울특별시 강남구 삼성2동 31,서울특별시 강남구 봉은사로59길 40 (삼성동),37.5135324079,127.0450366829
315,서울특별시 강남구 삼성2동 30-1,서울특별시 강남구 선릉로120길 22 (삼성동),37.5140652493,127.0443550578
316,서울특별시 강남구 삼성2동 34-7,서울특별시 강남구 선릉로 640 (삼성동),37.5136434100,127.0428617536
317,서울특별시 강남구 삼성2동40-22,서울특별시 강남구 봉은사로61길 29,37.5130001898,127.0457272342
318,서울특별시 강남구 삼성2동 35-26,서울특별시 강남구 선릉로112길 7 (삼성동),37.5113648945,127.0442360550
319,서울특별시 강남구 삼성2동 38,"서울특별시 강남구 봉은사로57길 8 (삼성동, iSOD 삼성동빌딩)",37.5114596942,127.0453865213
320,서울특별시 강남구 삼성2동 38-6,서울특별시 강남구 봉은사로57길 4-6 (삼성동),37.5113870778,127.0458415059
321,서울특별시 강남구 삼성2동 29-18,"서울특별시 강남구 봉은사로63길 39-1 (삼성동, 태양아트빌)",37.5138949945,127.0459140732
322,서울특별시 강남구 삼성2동 29-22,서울특별시 강남구 봉은사로63길 43 (삼성동),37.5140840850,127.0459918962
323,서울특별시 강남구 삼성2동 29-11,"서울특별시 강남구 봉은사로61길 34 (삼성동, SM드림빌)",37.5133148547,127.0458713017
324,서울특별시 강남구 삼성2동 40-22,서울특별시 강남구 봉은사로61길 29 (삼성동),37.5130001898,127.0457272342
325,서울특별시 강남구 삼성2동 114-37,서울특별시 강남구 선릉로108길 63 (삼성동),37.5110542247,127.0492537190
326,서울특별시 강남구 삼성2동 115-11,서울특별시 강남구 봉은사로68길 17 (삼성동),37.5109761653,127.0506094714
327,서울특별시 강남구 삼성2동 122-15,서울특별시 강남구 봉은사로74길 26 (삼성동),37.5108386905,127.0524263127
328,서울특별시 강남구 삼성2동 126-6,서울특별시 강남구 테헤란로79길 (삼성동),37.5095965360,127.0539447987
329,서울특별시 강남구 삼성2동 124-27,서울특별시 강남구 테헤란로77길 41 (삼성동),37.5089734668,127.0533524540
330,서울특별시 강남구 삼성2동 124-8,서울특별시 강남구 봉은사로68길 49 (삼성동),37.5092644934,127.0523407233
331,서울특별시 강남구 삼성2동 124-26,서울특별시 강남구 삼성로99길 22 (삼성동),37.5088352761,127.0533005545
332,서울특별시 강남구 삼성2동 140-14,서울특별시 강남구 선릉로96길 7 (삼성동),37.5063271026,127.0490394571
333,서울특별시 강남구 삼성2동 125-31,서울특별시 강남구 테헤란로79길 49 (삼성동),37.5099612823,127.0538507043
334,서울특별시 강남구 삼성2동 124-37,서울특별시 강남구 테헤란로77길 (삼성동),37.5092099883,127.0529345918
335,서울특별시 강남구 삼성2동 118-22,서울특별시 강남구 봉은사로78길 14 (삼성동),37.5118446584,127.0528382751
336,서울특별시 강남구 삼성2동 118-20,서울특별시 강남구 삼성로107길 12-8 (삼성동),37.5119107882,127.0526453602
337,서울특별시 강남구 삼성2동 117-9,서울특별시 강남구 봉은사로74길 11 (삼성동),37.5118319120,127.0517121682
338,서울특별시 강남구 삼성2동 117-12,서울특별시 강남구 봉은사로74길 11-5 (삼성동),37.5119793264,127.0520992113
339,서울특별시 강남구 삼성2동 117-15,서울특별시 강남구 봉은사로74길 11-11 (삼성동),37.5121013931,127.0525499179
340,서울특별시 강남구 신사동 649-7,서울특별시 강남구 언주로164길 24 (신사동),37.5254251236,127.0354742220
341,서울특별시 강남구 신사동 647-3,서울특별시 강남구 압구정로46길 51 (신사동),37.5252619621,127.0360365028
342,서울특별시 강남구 신사동 651-10,"서울특별시 강남구 도산대로45길 10-10 (신사동, 연립주택)",37.5233320651,127.0367513153
343,서울특별시 강남구 신사동 632-1,서울특별시 강남구 압구정로42길 78 (신사동),37.5240486607,127.0336321068
344,서울특별시 강남구 신사동 633-3,서울특별시 강남구 언주로 832 (신사동),37.5246039062,127.0337803258
345,서울특별시 강남구 신사동 622-5,서울특별시 강남구 언주로165길 6 (신사동),37.5260178575,127.0326821158
346,서울특별시 강남구 신사동 624-27,서울특별시 강남구 언주로165길 13-9 (신사동),37.5252038123,127.0320978225
347,서울특별시 강남구 신사동 627,서울특별시 강남구 언주로159길 7 (신사동),37.5242739258,127.0322888337
348,서울특별시 강남구 신사동 625-5,서울특별시 강남구 언주로159길 15 (신사동),37.5241063901,127.0314327371
349,서울특별시 강남구 신사동 627-29,서울특별시 강남구 언주로153길 10-10 (신사동),37.5234524663,127.0323459472
350,서울특별시 강남구 신사동 626-50,서울특별시 강남구 논현로168길 47 (신사동),37.5233448950,127.0319842406
351,서울특별시 강남구 신사동 593-33,서울특별시 강남구 논현로158길 15 (신사동),37.5222389123,127.0295714168
352,서울특별시 강남구 신사동 593-32,"서울특별시 강남구 논현로158길 17 (신사동, 토미아파트)",37.5222245381,127.0297634942
353,서울특별시 강남구 신사동 593-9,서울특별시 강남구 논현로158길 7 (신사동),37.5221817349,127.0290623403
354,서울특별시 강남구 신사동 597-6,서울특별시 강남구 논현로160길 19 (신사동),37.5228154764,127.0295216435
355,서울특별시 강남구 신사동 595-10,서울특별시 강남구 논현로164길 27 (신사동),37.5231702951,127.0305687513
356,서울특별시 강남구 신사동 595-15,서울특별시 강남구 논현로164길 33 (신사동),37.5229095840,127.0311093786
357,서울특별시 강남구 신사동 625-10,서울특별시 강남구 언주로157길 26 (신사동),37.5240980049,127.0307707204
358,서울특별시 강남구 신사동 601,서울특별시 강남구 압구정로32길 49 (신사동),37.5243863714,127.0298911678
359,서울특별시 강남구 신사동 606-5,"서울특별시 강남구 언주로159길 24 (신사동, 세광빌리지)",37.5248983898,127.0310213996
360,서울특별시 강남구 신사동 606-15,서울특별시 강남구 논현로172길 28 (신사동),37.5253761552,127.0308152521
361,서울특별시 강남구 신사동 607-1,서울특별시 강남구 언주로167길 25 (신사동),37.5263422262,127.0310957578
362,서울특별시 강남구 신사동 620-8,"서울특별시 강남구 압구정로36길 26 (신사동, 현대맨션)",37.5269495847,127.0311222561
363,서울특별시 강남구 신사동 620-3,서울특별시 강남구 압구정로36길 22 (신사동),37.5271405120,127.0314435131
364,서울특별시 강남구 신사동 621-10,서울특별시 강남구 언주로167길 25 (신사동),37.5263422262,127.0310957578
365,서울특별시 강남구 신사동 609-6,서울특별시 강남구 압구정로32길 24 (신사동),37.5261798465,127.0297714008
366,서울특별시 강남구 신사동 609-3,서울특별시 강남구 압구정로32길 32 (신사동),37.5256131213,127.0297510388
367,서울특별시 강남구 신사동 609-2,서울특별시 강남구 압구정로30길 23 (신사동),37.5258914152,127.0294942340
368,서울특별시 강남구 청담동 126-1,서울특별시 강남구 도산대로99길 19 (청담동),37.5261124446,127.0515212202
369,서울특별시 강남구 청담동 109-27,서울특별시 강남구 도산대로89길 43 (청담동),37.5270768201,127.0522659425
370,서울특별시 강남구 청담동 109-1,서울특별시 강남구 도산대로85길 50-18 (청담동),37.5271919490,127.0516953919
371,서울특별시 강남구 청담동 109-5,서울특별시 강남구 도산대로99길 28-14 (청담동),37.5269733840,127.0514475988
372,서울특별시 강남구 청담동 106-5,서울특별시 강남구 도산대로85길 50-13 (청담동),37.5276059297,127.0507247850
373,서울특별시 강남구 청담동 106-1,"서울특별시 강남구 도산대로85길 52 (청담동, 상지리츠빌6차)",37.5277648875,127.0502540393
374,서울특별시 강남구 청담동 104-2,"서울특별시 강남구 압구정로75길 40 (청담동, 엘지빌라)",37.5282696741,127.0481995564
375,서울특별시 강남구 청담동 102-2,"서울특별시 강남구 압구정로71길 30-11 (청담동, 연세힐하우스)",37.5284433245,127.0474645329
376,서울특별시 강남구 청담동 90-3,서울특별시 강남구 도산대로61길 27 (청담동),37.5256721524,127.0431333550
377,서울특별시 강남구 청담동 94-6,서울특별시 강남구 도산대로67길 19 (청담동),37.5253702976,127.0441600431
378,서울특별시 강남구 청담동 4-10,서울특별시 강남구 도산대로 434 (청담동),37.5230911370,127.0433905847
379,서울특별시 강남구 청담동 22-13,서울특별시 강남구 도산대로58길 16 (청담동),37.5222236314,127.0411822578
380,서울특별시 강남구 청담동 20-7,서울특별시 강남구 선릉로146길 29 (청담동),37.5219144026,127.0422162554
381,서울특별시 강남구 청담동 19-9,서울특별시 강남구 선릉로146길 41 (청담동),37.5217312595,127.0431287107
382,서울특별시 강남구 청담동 19-30,서울특별시 강남구 선릉로146길 45 (청담동),37.5216693149,127.0434990374
383,서울특별시 강남구 청담동 18-12,서울특별시 강남구 도산대로66길 30 (청담동),37.5216591614,127.0439107967
384,서울특별시 강남구 청담동 18-36,서울특별시 강남구 도산대로68길 22 (청담동),37.5221780271,127.0444508110
385,서울특별시 강남구 청담동 17-22,서울특별시 강남구 도산대로70길 20 (청담동),37.5224010433,127.0451159959
386,서울특별시 강남구 청담동 17-25,서울특별시 강남구 도산대로70길 26 (청담동),37.5219670738,127.0450019331
387,서울특별시 강남구 청담동 17-29,서울특별시 강남구 도산대로70길 34 (청담동),37.5214824715,127.0448784521
388,서울특별시 강남구 청담동 16-14,서울특별시 강남구 도산대로70길 46 (청담동),37.5207857040,127.0446988512
389,서울특별시 강남구 청담동 16-1,서울특별시 강남구 선릉로146길 56 (청담동),37.5213379127,127.0442625304
390,서울특별시 강남구 청담동 16-19,서울특별시 강남구 도산대로66길 43 (청담동),37.5206583357,127.0438886041
391,서울특별시 강남구 청담동 26-12,서울특별시 강남구 도산대로66길 51 (청담동),37.5202083964,127.0438305362
392,서울특별시 강남구 청담동 26-25,서울특별시 강남구 도산대로66길 57 (청담동),37.5198297752,127.0436407264
393,서울특별시 강남구 청담동 26-39,서울특별시 강남구 선릉로138길 33 (청담동),37.5192606660,127.0434930013
394,서울특별시 강남구 청담동 28-8,서울특별시 강남구 학동로67길 (청담동),37.5208540179,127.0469743224
395,서울특별시 강남구 청담동 70-18,서울특별시 강남구 영동대로131길 20 (청담동),37.5204777583,127.0547200134
396,서울특별시 강남구 청담동 39-2,서울특별시 강남구 선릉로138길 16 (청담동),37.5193245236,127.0418115279
397,서울특별시 강남구 청담동 40-8,서울특별시 강남구 선릉로138길 6 (청담동),37.5193323051,127.0412052155
398,서울특별시 강남구 청담동 40-7,서울특별시 강남구 선릉로138길 6 (청담동),37.5193323051,127.0412052155
399,서울특별시 강남구 청담동 37-12,서울특별시 강남구 선릉로132길 29 (청담동),37.5186179236,127.0436470339
400,서울특별시 강남구 청담동 26-44,서울특별시 강남구 학동로59길 27 (청담동),37.5191304531,127.0442688054
401,서울특별시 강남구 청담동 26-31,서울특별시 강남구 학동로59길 31 (청담동),37.5195553276,127.0443717686
402,서울특별시 강남구 청담동 13-46,서울특별시 강남구 도산대로72길 45 (청담동),37.5216091240,127.0458904062
403,서울특별시 강남구 청담동 11-11,서울특별시 강남구 도산대로78길 27 (청담동),37.5222941082,127.0464743155
404,서울특별시 강남구 청담동 12-7,서울특별시 강남구 도산대로72길 19 (청담동),37.5228566388,127.0459251075
405,서울특별시 강남구 청담동 7-9,서울특별시 강남구 삼성로145길 16 (청담동),37.5225885608,127.0469177168
406,서울특별시 강남구 청담동 11-31,서울특별시 강남구 삼성로147길 24 (청담동),37.5214995940,127.0469552702
407,서울특별시 강남구 청담동 11-33,서울특별시 강남구 삼성로147길 26 (청담동),37.5212909710,127.0468312711
408,서울특별시 강남구 청담동 45-2,서울특별시 강남구 학동로 429 (청담동),37.5186216898,127.0476564933
409,서울특별시 강남구 청담동 32,"서울특별시 강남구 삼성로135길 15 (청담동, 청담 아르지움)",37.5197798034,127.0481890044
410,서울특별시 강남구 청담동 32-7,서울특별시 강남구 삼성로135길 11 (청담동),37.5198481708,127.0484549925
411,서울특별시 강남구 청담동 31-21,서울특별시 강남구 학동로77길 32 (청담동),37.5207366155,127.0485385978
412,서울특별시 강남구 청담동 63-27,서울특별시 강남구 삼성로140길 9 (청담동),37.5212378722,127.0497682155
413,서울특별시 강남구 청담동 63-24,서울특별시 강남구 학동로81길 27 (청담동),37.5207111361,127.0500047407
414,서울특별시 강남구 청담동 65,"서울특별시 강남구 학동로87길 9 (청담동, 진흥아파트)",37.5203861388,127.0516919404
415,서울특별시 강남구 청담동 70-16,"서울특별시 강남구 영동대로131길 14 (청담동, 청담동테라스)",37.5205582022,127.0551411071
416,서울특별시 강남구 청담동 70,서울특별시 강남구 학동로95길 22 (청담동),37.5209628859,127.0544650530
417,서울특별시 강남구 청담동 69,"서울특별시 강남구 학동로95길 44 (청담동, 청산빌라)",37.5222326040,127.0536227560
418,서울특별시 강남구 청담동 68-5,서울특별시 강남구 영동대로 731 (청담동),37.5230059400,127.0547887162
419,서울특별시 강남구 청담동 55-18,"서울특별시 강남구 영동대로141길 24 (청담동, 원테라스)",37.5228931039,127.0528790980
420,서울특별시 강남구 청담동 58,서울특별시 강남구 도산대로96길 19 (청담동),37.5233282753,127.0506468870
421,서울특별시 강남구 청담동 52,서울특별시 강남구 도산대로 524 (청담동),37.5242672175,127.0508389313
422,서울특별시 강남구 청담동 52-3,서울특별시 강남구 도산대로 536 (청담동),37.5243327212,127.0522815627
423,서울특별시 강남구 청담동 56-17,서울특별시 강남구 도산대로102길 10 (청담동),37.5238964884,127.0528161164
424,서울특별시 강남구 청담동 62-9,서울특별시 강남구 도산대로92길 32 (청담동),37.5225413577,127.0491107018
425,서울특별시 강남구 개포2동 167-4,서울특별시 강남구 선릉로 30 (개포동),37.4825134167,127.0611746831
426,서울특별시 강남구 개포2동 172-9,"서울특별시 강남구 선릉로18길 12 (개포동, 개포현대아파트)",37.4843206455,127.0601491784
427,서울특별시 강남구 개포2동 172-5,"서울특별시 강남구 선릉로18길 12 (개포동, 개포현대아파트)",37.4843206455,127.0601491784
428,서울특별시 강남구 개포2동 161-1,"서울특별시 강남구 선릉로10길 26-3 (개포동, 한진빌라)",37.4840524049,127.0622563923
429,서울특별시 강남구 개포2동 160-5 건너편,"서울특별시 강남구 선릉로6길 29 건너편 (개포동, 인파크뷰)",37.4836827328,127.0629149154
430,서울특별시 강남구 개포4동 1262-9,서울특별시 강남구 개포로 257 (개포동),37.4795369053,127.0501412262
431,서울특별시 강남구 개포4동 1262-5,서울특별시 강남구 개포로35길 11 (개포동),37.4797994800,127.0498796697
432,서울특별시 강남구 개포4동 1262 (2),서울특별시 강남구 개포로31길 20 (개포동),37.4802964260,127.0491404751
433,서울특별시 강남구 개포4동 1265-13 (2),서울특별시 강남구 개포로31길 25 (개포동),37.4806362017,127.0486926392
434,서울특별시 강남구 개포4동 1267,서울특별시 강남구 개포로31길 48 (개포동),37.4818087560,127.0489559305
435,서울특별시 강남구 개포4동 1252,서울특별시 강남구 개포로25길 27 (개포동),37.4808463371,127.0475369556
436,서울특별시 강남구 개포4동 1252-3,서울특별시 강남구 개포로25길 27 (개포동),37.4808463371,127.0475369556
437,서울특별시 강남구 개포4동 1255,서울특별시 강남구 개포로21길 20 (개포동),37.4800225680,127.0472537850
438,서울특별시 강남구 개포4동 1256-1,"서울특별시 강남구 개포로25길 13-9 (개포동, 베네세하우스)",37.4797211982,127.0474342636
439,서울특별시 강남구 개포4동 1263-8,"서울특별시 강남구 개포로31길 15-6 (개포동, 화이트빌라)",37.4800732122,127.0487871308
440,서울특별시 강남구 개포4동 1254-4,"서울특별시 강남구 개포로25길 21-3 (개포동, 디자인하우스)",37.4803671276,127.0476681408
441,서울특별시 강남구 개포4동 1250-7,"서울특별시 강남구 개포로17길 16 (개포동, 에스클래식)",37.4798473627,127.0466975363
442,서울특별시 강남구 개포4동 1246-4,서울특별시 강남구 개포로 215 (개포동),37.4788157781,127.0462881909
443,서울특별시 강남구 개포4동 1240-2,서울특별시 강남구 개포로15길 9 (개포동),37.4790548267,127.0450951238
444,서울특별시 강남구 개포4동 1250-5,서울특별시 강남구 개포로17길 22 (개포동),37.4801343085,127.0467622719
445,서울특별시 강남구 개포4동 1238,서울특별시 강남구 개포로 202 (개포동),37.4781726909,127.0449837981
446,서울특별시 강남구 개포4동 1238-9,서울특별시 강남구 개포로 220 (개포동),37.4785413102,127.0467975707
447,서울특별시 강남구 개포4동 1242-4,"서울특별시 강남구 개포로15길 32-8 (개포동, 포이동 현대아파트)",37.4797772871,127.0459494935
448,서울특별시 강남구 개포4동 1250-7,"서울특별시 강남구 개포로17길 16 (개포동, 에스클래식)",37.4798473627,127.0466975363
449,서울특별시 강남구 개포4동 1211-2,"서울특별시 강남구 개포로36길 9 (개포동, 현대빌라)",37.4790765880,127.0511726865
450,서울특별시 강남구 개포4동 1211-8,서울특별시 강남구 개포로38길 18 (개포동),37.4784891340,127.0519890111
451,서울특별시 강남구 개포4동 1206-6,"서울특별시 강남구 개포로26길 25 (개포동, 다세대주택9세대)",37.4776524892,127.0498221669
452,서울특별시 강남구 개포4동 1207-5,서울특별시 강남구 개포로38길 42 (개포동),37.4775230579,127.0507777410
453,서울특별시 강남구 개포4동 1206-8,서울특별시 강남구 개포로26길 19 (개포동),37.4779212044,127.0495267030
454,서울특별시 강남구 개포4동 1212-3,서울특별시 강남구 개포로 250 (개포동),37.4789044166,127.0498817881
455,서울특별시 강남구 개포4동 1217-5,서울특별시 강남구 개포로 238 (개포동),37.4787608558,127.0486573920
456,서울특별시 강남구 개포4동 1215-4,서울특별시 강남구 개포로26길 15 (개포동),37.4781876482,127.0492745362
457,서울특별시 강남구 개포4동 1206-8,서울특별시 강남구 개포로26길 19 (개포동),37.4779212044,127.0495267030
458,서울특별시 강남구 개포4동 1204,서울특별시 강남구 개포로24길 33 (개포동),37.4771403864,127.0497486802
459,서울특별시 강남구 개포4동 1203-2,서울특별시 강남구 개포로22길 39-6 (개포동),37.4768347175,127.0500720401
460,서울특별시 강남구 개포4동 1203-6,서울특별시 강남구 개포로28길 32 (개포동),37.4771340146,127.0505382531
461,서울특별시 강남구 개포4동 1203,서울특별시 강남구 개포로22길 41 (개포동),37.4766078138,127.0497150892
462,서울특별시 강남구 개포4동 1202-1,서울특별시 강남구 개포로22길 41-4 (개포동),37.4765456782,127.0500612202
463,서울특별시 강남구 개포4동 1201-9,서울특별시 강남구 개포로22길 49 (개포동),37.4761743271,127.0501673560
464,서울특별시 강남구 개포4동 1201-5,"서울특별시 강남구 개포로22길 49-11 (개포동, 래디안빌)",37.4765846588,127.0507723579
465,서울특별시 강남구 개포4동 1201-9,서울특별시 강남구 개포로22길 49 (개포동),37.4761743271,127.0501673560
466,서울특별시 강남구 개포4동 1200,서울특별시 강남구 개포로22길 46 (개포동),37.4762126909,127.0495723797
467,서울특별시 강남구 개포4동 1199,서울특별시 강남구 개포로20길 56 (개포동),37.4757395813,127.0495471956
468,서울특별시 강남구 개포4동 1200-11,서울특별시 강남구 개포로22길 46 (개포동),37.4762126909,127.0495723797
469,서울특별시 강남구 개포4동 1221-5 (2),"서울특별시 강남구 개포로20길 42 (개포동, 선경파크빌)",37.4763318941,127.0489248855
470,서울특별시 강남구 개포4동 1231-16,서울특별시 강남구 개포로20길 19 (개포동),37.4776305701,127.0479210044
471,서울특별시 강남구 개포4동 1233-10,서울특별시 강남구 논현로18길 22-22 (개포동),37.4772150868,127.0475440390
472,서울특별시 강남구 개포4동 1234-1,서울특별시 강남구 논현로18길 18-4 (개포동),37.4777066009,127.0466055333
473,서울특별시 강남구 개포4동 1230-10 건너편,서울특별시 강남구 논현로16길 17 (개포동),37.4767513641,127.0477005519
474,서울특별시 강남구 개포4동 1229-15,서울특별시 강남구 논현로20길 4-34 (개포동),37.4763742056,127.0467890969
475,서울특별시 강남구 개포4동 1235-15,서울특별시 강남구 논현로18길 10-15 (개포동),37.4771189615,127.0466081078
476,서울특별시 강남구 개포4동 1223,서울특별시 강남구 논현로14길 18 (개포동),37.4756743243,127.0487380326
477,서울특별시 강남구 개포4동 1196-13,서울특별시 강남구 논현로12길 9-14 (개포동),37.4752698629,127.0485144916
478,서울특별시 강남구 개포4동 1195-1,서울특별시 강남구 논현로12길 9-11 (개포동),37.4750144666,127.0484168757
479,서울특별시 강남구 개포4동 1195-6,"서울특별시 강남구 논현로12길 9 (개포동, 다세대주택)",37.4745103083,127.0489594223
480,서울특별시 강남구 개포4동 1193-5,"서울특별시 강남구 논현로12길 14 (개포동, 개포 비버리하임)",37.4745104176,127.0493462835
481,서울특별시 강남구 개포4동 1190-10,서울특별시 강남구 논현로8길 4-3 (개포동),37.4735231222,127.0497015149
482,서울특별시 강남구 개포4동 1163,서울특별시 강남구 논현로 16 (개포동),37.4728469599,127.0500199775
483,서울특별시 강남구 개포4동 1169-8,서울특별시 강남구 논현로2길 5 (개포동),37.4722059004,127.0510515630
484,서울특별시 강남구 개포4동 1169-7,"서울특별시 강남구 논현로2길 9 (개포동, 다세대주택)",37.4723113379,127.0512153280
485,서울특별시 강남구 개포4동 1189-10,서울특별시 강남구 논현로6길 13 (개포동),37.4734817563,127.0505732133
486,서울특별시 강남구 개포4동 1185-6,"서울특별시 강남구 논현로6길 23 (개포동, 현대빌라)",37.4742317910,127.0513304806
487,서울특별시 강남구 개포4동 1176-4,서울특별시 강남구 논현로6길 36-9 (개포동),37.4739996577,127.0526344715
488,서울특별시 강남구 개포4동  1178-5,서울특별시 강남구 논현로4길 47 (개포동),37.4742757248,127.0534426394
489,서울특별시 강남구 개포4동 1176-1,"서울특별시 강남구 논현로8길 46-8 (개포동, 다세대주택)",37.4741004232,127.0527635328
490,서울특별시 강남구 개포4동 1177-9,서울특별시 강남구 논현로8길 48 (개포동),37.4745147627,127.0526399200
491,서울특별시 강남구 개포4동 1185-4,서울특별시 강남구 논현로8길 40 (개포동),37.4743454168,127.0519297283
492,서울특별시 강남구 개포4동 1185,"서울특별시 강남구 논현로6길 23 (개포동, 현대빌라)",37.4742317910,127.0513304806
493,서울특별시 강남구 개포4동 1173-9,서울특별시 강남구 논현로4길 23 (개포동),37.4733049216,127.0519498095
494,서울특별시 강남구 개포4동 1167,"서울특별시 강남구 논현로4길 28 (개포동, 아파트)",37.4732079710,127.0523623721
495,서울특별시 강남구 개포4동 1164-20,"서울특별시 강남구 논현로2길 50 (개포동, 한림아파트)",37.4739388903,127.0541177622
496,서울특별시 강남구 개포4동 1164-29,"서울특별시 강남구 논현로2길 63 (개포동, 연립주택)",37.4747433710,127.0549660028
497,서울특별시 강남구 개포4동 1182-3,서울특별시 강남구 논현로8길 66-7 (개포동),37.4750558459,127.0543715780
498,서울특별시 강남구 개포4동 1182,서울특별시 강남구 논현로8길 68 (개포동),37.4753963969,127.0540456682
499,서울특별시 강남구 개포4동 1181-4,서울특별시 강남구 논현로4길 61 (개포동),37.4748361214,127.0543024573
500,서울특별시 강남구 개포4동 1165-17,"서울특별시 강남구 논현로4길 60 (개포동, 다세대주택)",37.4746261599,127.0543595094
501,서울특별시 강남구 개포4동 1165,"서울특별시 강남구 논현로4길 50 (개포동, 포이현대빌라트)",37.4740968252,127.0537496704
502,서울특별시 강남구 논현1동 36-1,"서울특별시 강남구 논현로135길 9 (논현동, 풍림빌라)",37.5153694188,127.0291065271
503,서울특별시 강남구 논현1동 29-8,서울특별시 강남구 학동로25길 31 (논현동),37.5153490182,127.0281478884
504,서울특별시 강남구 논현1동 35,서울특별시 강남구 학동로25길 40 (논현동),37.5162890288,127.0281753889
505,서울특별시 강남구 논현1동 34,"서울특별시 강남구 논현로139길 7 (논현동, 동방타운)",37.5164886404,127.0287599265
506,서울특별시 강남구 논현1동 8-23,서울특별시 강남구 논현로145길 (논현동),37.5180061622,127.0285464920
507,서울특별시 강남구 논현1동 32-13,서울특별시 강남구 도산대로26길 30 (논현동),37.5172913242,127.0280951142
508,서울특별시 강남구 논현1동 30-1,서울특별시 강남구 도산대로26길 34-15 (논현동),37.5166209983,127.0272376798
509,서울특별시 강남구 논현1동 10-6,서울특별시 강남구 논현로149길 35 (논현동),37.5176224400,127.0257357474
510,서울특별시 강남구 논현1동 10-1,서울특별시 강남구 도산대로16길 13-3 (논현동),37.5173514743,127.0250557153
511,서울특별시 강남구 논현1동 10-19,서울특별시 강남구 도산대로16길 13-6 (논현동),37.5172101384,127.0253303127
512,서울특별시 강남구 논현1동 10-23,서울특별시 강남구 논현로145길 36 (논현동),37.5170789976,127.0259516112
513,서울특별시 강남구 논현1동 27 (2),서울특별시 강남구 논현로145길 41 (논현동),37.5166099399,127.0259299569
514,서울특별시 강남구 논현1동 12-18,서울특별시 강남구 논현로145길 56 (논현동),37.5160825587,127.0247818948
515,서울특별시 강남구 논현1동 14-5,서울특별시 강남구 논현로145길 66 (논현동),37.5157412838,127.0242256035
516,서울특별시 강남구 논현1동 14-3,"서울특별시 강남구 학동로11길 52 (논현동, 베르사이유Ⅲ)",37.5157327122,127.0238419202
517,서울특별시 강남구 논현1동 4-25,서울특별시 강남구 도산대로 128 (논현동),37.5169719062,127.0227057327
518,서울특별시 강남구 논현1동 21-2,서울특별시 강남구 학동로3길 49 (논현동),37.5147285163,127.0211460325
519,서울특별시 강남구 논현1동 18-7,서울특별시 강남구 강남대로584 (논현동),37.5139353654,127.0206205229
520,서울특별시 강남구 논현1동 25,서울특별시 강남구 강남대로140길 46 (논현동),37.5144146247,127.0243284453
521,서울특별시 강남구 논현1동 41-1,서울특별시 강남구 강남대로136길 54 (논현동),37.5140427066,127.0246841712
522,서울특별시 강남구 논현1동 43,"서울특별시 강남구 학동로11길 23 (논현동, 롯데빌리지)",37.5135595031,127.0242250114
523,서울특별시 강남구 논현1동 45-1,서울특별시 강남구 강남대로136길 34 (논현동),37.5135354035,127.0230887001
524,서울특별시 강남구 논현1동 47-13,서울특별시 강남구 학동로3길 17  (논현동),37.5126477519,127.0220538214
525,서울특별시 강남구 논현1동 47-17,서울특별시 강남구 강남대로132길 21 (논현동),37.5126026655,127.0227197918
526,서울특별시 강남구 논현1동 43-5,"서울특별시 강남구 학동로11길 13 (논현동, 브라운스톤 로얄스위트 논현)",37.5131743766,127.0244062014
527,서울특별시 강남구 논현1동 41-16,"서울특별시 강남구 학동로11길 22 (논현동, 에스톤하우스)",37.5137618585,127.0247088499
528,서울특별시 강남구 논현1동 41-6,서울특별시 강남구 강남대로136길 64 (논현동),37.5143192178,127.0255638151
529,서울특별시 강남구 논현1동 57-4,서울특별시 강남구 논현로131길 39 (논현동),37.5135893770,127.0272973181
530,서울특별시 강남구 논현1동 39-2,서울특별시 강남구 학동로19길 22 (논현동),37.5143709013,127.0273257675
531,서울특별시 강남구 논현1동 39,서울특별시 강남구 학동로19길 26 (논현동),37.5148209932,127.0271502687
532,서울특별시 강남구 논현1동 28-14,"서울특별시 강남구 학동로19길 40 (논현동, 크레인파크빌)",37.5155576789,127.0266449200
533,서울특별시 강남구 논현1동 28-21,서울특별시 강남구 학동로21길 39 (논현동),37.5156399039,127.0268065881
534,서울특별시 강남구 논현1동 199-20,서울특별시 강남구 강남대로 488 (논현동),37.5058979827,127.0242629117
535,서울특별시 강남구 논현1동 162-12,서울특별시 강남구 강남대로122길 23 (논현동),37.5084843856,127.0248031342
536,서울특별시 강남구 논현1동 27-3,서울특별시 강남구 학동로21길 48 (논현동),37.5161124428,127.0265739686
537,서울특별시 강남구 논현1동 39-10,"서울특별시 강남구 학동로21길 23 (논현동, 비쥬힐)",37.5148347392,127.0273209597
538,서울특별시 강남구 논현1동 38-5,서울특별시 강남구 학동로23길 16 (논현동),37.5144811342,127.0283033169
539,서울특별시 강남구 논현1동 151 (2),서울특별시 강남구 학동로26길 29 (논현동),37.5115584252,127.0302495774
540,서울특별시 강남구 논현1동 151-3,서울특별시 강남구 봉은사로25길 70 (논현동),37.5112295336,127.0303468294
541,서울특별시 강남구 논현1동 150-7 (2),"서울특별시 강남구 학동로18길 47 (논현동, 세일연립)",37.5108164288,127.0296145275
542,서울특별시 강남구 논현1동 150,서울특별시 강남구 학동로18길 39 (논현동),37.5106775807,127.0289005493
543,서울특별시 강남구 논현1동 137-16,서울특별시 강남구 강남대로124길 65 (논현동),37.5110277338,127.0268964415
544,서울특별시 강남구 논현1동 148-21,서울특별시 강남구 학동로12길 31 (논현동),37.5106039017,127.0268948190
545,서울특별시 강남구 논현1동 123-7,서울특별시 강남구 학동로6길 11 (논현동),37.5110053498,127.0241590367
546,서울특별시 강남구 논현1동 124-10,"서울특별시 강남구 학동로12길 6-8 (논현동, 삼원빌라)",37.5117117187,127.0246841953
547,서울특별시 강남구 논현1동 137-20,서울특별시 강남구 학동로12길 23 (논현동),37.5109524268,127.0264220473
548,서울특별시 강남구 논현1동 133-3,서울특별시 강남구 학동로20길 19-8 (논현동),37.5116009274,127.0289110849
549,서울특별시 강남구 논현1동 153-1,서울특별시 강남구 논현로119길 16 (논현동),37.5107246628,127.0308415760
550,서울특별시 강남구 논현1동 175,서울특별시 강남구 논현로119길 5 (논현동),37.5102974954,127.0318643232
551,서울특별시 강남구 논현1동 174-6,서울특별시 강남구 논현로119길 19 (논현동),37.5098760642,127.0309659811
552,서울특별시 강남구 논현1동 173-15,서울특별시 강남구 학동로18길 64 (논현동),37.5096327669,127.0303723101
553,서울특별시 강남구 논현1동 176-30,서울특별시 강남구 논현로115길 10 (논현동),37.5090559689,127.0319837981
554,서울특별시 강남구 논현1동 176-5,"서울특별시 강남구 봉은사로25길 33-6 (논현동, 현대연립)",37.5094054946,127.0315522300
555,서울특별시 강남구 논현1동 176-22,서울특별시 강남구 논현로115길 12 (논현동),37.5089713038,127.0318750698
556,서울특별시 강남구 논현1동 176-10,"서울특별시 강남구 봉은사로25길 33-6 (논현동, 현대연립)",37.5094054946,127.0315522300
557,서울특별시 강남구 논현1동 191-4,서울특별시 강남구 논현로113길 8 (논현동),37.5085647564,127.0325873298
558,서울특별시 강남구 논현1동 192-10,서울특별시 강남구 봉은사로25길 10 (논현동),37.5078160172,127.0326023861
559,서울특별시 강남구 논현1동 206,서울특별시 강남구 봉은사로21길 6 (논현동),37.5071001269,127.0314271886
560,서울특별시 강남구 논현1동 193-13,서울특별시 강남구 봉은사로25길 13-10 (논현동),37.5079783896,127.0315656539
561,서울특별시 강남구 논현1동 193-4,서울특별시 강남구 논현로113길 21 (논현동),37.5081055361,127.0315105137
562,서울특별시 강남구 논현1동 179-6,서울특별시 강남구 논현로115길 41 (논현동),37.5079341037,127.0296589687
563,서울특별시 강남구 논현1동 179-14,서울특별시 강남구 강남대로120길 65 (논현동),37.5076637643,127.0287186517
564,서울특별시 강남구 논현1동 205,서울특별시 강남구 논현로111길 49 (논현동),37.5065663758,127.0296683804
565,서울특별시 강남구 논현1동 203,서울특별시 강남구 봉은사로 129-1 (논현동),37.5060831041,127.0280818654
566,서울특별시 강남구 논현1동 202-10,서울특별시 강남구 봉은사로 123 (논현동),37.5055502970,127.0271075529
567,서울특별시 강남구 논현1동 162-11 (2),서울특별시 강남구 학동로4길 43-16 (논현동),37.5087371330,127.0251558723
568,서울특별시 강남구 논현1동 33-13,서울특별시 강남구 도산대로28길 30 (논현동),37.5173880901,127.0284794050
569,서울특별시 강남구 논현1동 120-40,서울특별시 강남구 학동로2길 (논현동),37.5171687678,127.0395005062
570,서울특별시 강남구 논현2동 94-6,서울특별시 강남구 도산대로54길 5 (논현동),37.5223751760,127.0385241680
571,서울특별시 강남구 논현2동 99-19,서울특별시 강남구 도산대로50길 27 (논현동),37.5206071229,127.0377341289
572,서울특별시 강남구 논현2동 99-23,서울특별시 강남구 선릉로145길 17 (논현동),37.5209081122,127.0384042971
573,서울특별시 강남구 논현2동 103-1,"서울특별시 강남구 선릉로141길 17 (논현동, 신현빌라)",37.5198821711,127.0385858939
574,서울특별시 강남구 논현2동 103,"서울특별시 강남구 도산대로50길 43 (논현동, 쌍용아파트)",37.5197676154,127.0378686576
575,서울특별시 강남구 논현2동 104,서울특별시 강남구 도산대로50길 47 (논현동),37.5192051030,127.0379189373
576,서울특별시 강남구 논현2동 104-5,"서울특별시 강남구 도산대로54길 48-11 (논현동, 동광팰리스)",37.5192016594,127.0385370156
577,서울특별시 강남구 논현2동 104-37,서울특별시 강남구 도산대로54길 56 (논현동),37.5191677359,127.0394939809
578,서울특별시 강남구 논현2동 104-30,서울특별시 강남구 선릉로137길 16 (논현동),37.5190999143,127.0391511963
579,서울특별시 강남구 논현2동 104-23,"서울특별시 강남구 선릉로137길 20 (논현동, 케이씨 빌)",37.5190353610,127.0387305886
580,서울특별시 강남구 논현2동 104-19,"서울특별시 강남구 선릉로137길 28 (논현동, 새서울파크맨션)",37.5188735497,127.0381495305
581,서울특별시 강남구 논현2동 107-5,서울특별시 강남구 언주로140길 22 (논현동),37.5184744461,127.0371740283
582,서울특별시 강남구 논현2동 106-14,서울특별시 강남구 언주로138길 8 (논현동),37.5177848623,127.0361609546
583,서울특별시 강남구 논현2동 107-38,서울특별시 강남구 언주로136길 15 (논현동),37.5175065023,127.0368734513
584,서울특별시 강남구 논현2동 91-15,서울특별시 강남구 도산대로 310 (논현동),37.5215381083,127.0354757753
585,서울특별시 강남구 논현2동 108-2,"서울특별시 강남구 학동로43길 30 (논현동, 제이빌 아파트)",37.5180723457,127.0379691536
586,서울특별시 강남구 논현2동 108-10,서울특별시 강남구 언주로136길 35 (논현동),37.5178404788,127.0383676588
587,서울특별시 강남구 논현2동 62-6,"서울특별시 강남구 도산대로 232 (논현동, 청학아파트)",37.5203859293,127.0325795744
588,서울특별시 강남구 논현2동 89,서울특별시 강남구 학동로215 (논현동),37.5148747650,127.0325682427
589,서울특별시 강남구 논현2동 72-4,서울특별시 강남구 논현로146길 40 (논현동),37.5187553060,127.0322069338
590,서울특별시 강남구 논현2동 80-13,"서울특별시 강남구 도산대로30길 56 (논현동, 프라임아파트)",37.5162066170,127.0305901170
591,서울특별시 강남구 논현2동 76-14,서울특별시 강남구 도산대로38길 40 (논현동),37.5182654360,127.0328414237
592,서울특별시 강남구 논현2동 76,서울특별시 강남구 도산대로34길 33 (논현동),37.5181892458,127.0317259430
593,서울특별시 강남구 논현2동 75-7,서울특별시 강남구 논현로142길 34 (논현동),37.5177444563,127.0319271018
594,서울특별시 강남구 논현2동 66-29,서울특별시 강남구 논현로 742 (논현동),37.5182839563,127.0292230387
595,서울특별시 강남구 논현2동 80-5,서울특별시 강남구 논현로140길 8 (논현동),37.5168753555,127.0301867954
596,서울특별시 강남구 논현2동 79,서울특별시 강남구 도산대로30길 47 (논현동),37.5169193729,127.0310425292
597,서울특별시 강남구 논현2동 75-9,"서울특별시 강남구 학동로33길 39 (논현동, 논현빌리지)",37.5173430519,127.0319545311
598,서울특별시 강남구 논현2동 77-23,서울특별시 강남구 언주로135길 28 (논현동),37.5167593925,127.0329000359
599,서울특별시 강남구 논현2동 77-25,서울특별시 강남구 도산대로38길 56 (논현동),37.5171268280,127.0328775741
600,서울특별시 강남구 논현2동 227-4,서울특별시 강남구 봉은사로33길 33 (논현동),37.5100176381,127.0347587805
601,서울특별시 강남구 논현2동 226-7,서울특별시 강남구 언주로115길 18 (논현동),37.5099619261,127.0351641217
602,서울특별시 강남구 논현2동 227-9,서울특별시 강남구 논현로116길 17 (논현동),37.5098124976,127.0343886077
603,서울특별시 강남구 논현2동 77-29,서울특별시 강남구 도산대로38길 48 (논현동),37.5176219360,127.0328536976
604,서울특별시 강남구 논현2동 270-32,서울특별시 강남구 봉은사로49길 19 (논현동),37.5111311141,127.0416754143
605,서울특별시 강남구 논현2동 271-14,서울특별시 강남구 선릉로111길 38-10 (논현동),37.5108266827,127.040325778
606,서울특별시 강남구 논현2동 272-27,서울특별시 강남구 선릉로111길 38-7 (논현동),37.5105780876,127.0400842769
607,서울특별시 강남구 논현2동 267-26,서울특별시 강남구 봉은사로51길 48-2  (논현동),37.5132252419,127.0421441736
608,서울특별시 강남구 논현2동 265-25,"서울특별시 강남구 선릉로115길 26 (논현동, JH3)",37.5119463637,127.0408416987
609,서울특별시 강남구 논현2동 255-21,서울특별시 강남구 선릉로119길 26 (논현동),37.5133174016,127.0403758683
610,서울특별시 강남구 논현2동 255-5,서울특별시 강남구 학동로50길 42 (논현동),37.5138900858,127.0406210612
611,서울특별시 강남구 논현2동 253-12,서울특별시 강남구 학동로50길 36 (논현동),37.5142850649,127.0404197112
612,서울특별시 강남구 논현2동 253-7,서울특별시 강남구 선릉로125길 19 (논현동),37.5145626647,127.0404180511
613,서울특별시 강남구 논현2동 242-36,서울특별시 강남구 선릉로125길 14 (논현동),37.5148877966,127.0407976043
614,서울특별시 강남구 논현2동 242-2,서울특별시 강남구 학동로50길 15 (논현동),37.5156331104,127.0402623060
615,서울특별시 강남구 논현2동 21-18,서울특별시 강남구 학동로3길 39 (논현동),37.5141155206,127.0213837318
616,서울특별시 강남구 논현2동 253,서울특별시 강남구 학동로46길 31 (논현동),37.5142970565,127.0393276292
617,서울특별시 강남구 논현2동 256-8,서울특별시 강남구 봉은사로47길 61 (논현동),37.5137166238,127.0396150772
618,서울특별시 강남구 논현2동 256,서울특별시 강남구 언주로124길 41 (논현동),37.5131254878,127.0390355314
619,서울특별시 강남구 논현2동 257-6,서울특별시 강남구 선릉로121길 57 (논현동),37.5125797315,127.0388171738
620,서울특별시 강남구 논현2동 251-1,"서울특별시 강남구 언주로126길 36-10 (논현동, 노브1)",37.5134793552,127.0380755254
621,서울특별시 강남구 논현2동 246-27,서울특별시 강남구 학동로44길 18-4 (논현동),37.5146016778,127.0371255053
622,서울특별시 강남구 논현2동 248-4,서울특별시 강남구 학동로42길 16 (논현동),37.5144314025,127.0362080876
623,서울특별시 강남구 논현2동 249-6,서울특별시 강남구 언주로 626 (논현동),37.5125390642,127.0360760806
624,서울특별시 강남구 논현2동 261-7,"서울특별시 강남구 언주로122길 6 (논현동, 현대넥서스아파트)",37.5118615247,127.0366107530
625,서울특별시 강남구 논현2동 262-28,서울특별시 강남구 학동로42길 69 (논현동),37.5111050831,127.0376251739
626,서울특별시 강남구 논현2동 262-31,서울특별시 강남구 언주로116길 15 (논현동),37.5110681266,127.0379548602
627,서울특별시 강남구 논현2동 218-12,서울특별시 강남구 언주로121길 4-9 (논현동),37.5122647877,127.0349127447
628,서울특별시 강남구 논현2동 211-5,서울특별시 강남구 학동로38길 21 (논현동),37.5135966550,127.0345962043
629,서울특별시 강남구 논현2동 206-9,서울특별시 강남구 논현로128길 3 (논현동),37.5135287937,127.0314285267
630,서울특별시 강남구 논현2동 213-33,서울특별시 강남구 논현로126길 9 (논현동),37.5130957181,127.0322934056
631,서울특별시 강남구 논현2동 217,서울특별시 강남구 논현로124길 10 (논현동),37.5123203152,127.0326166741
632,서울특별시 강남구 논현2동 221-10,서울특별시 강남구 봉은사로29길 39 (논현동),37.5099966781,127.0333934840
633,서울특별시 강남구 논현2동 229-12,서울특별시 강남구 봉은사로29길 24-5 (논현동),37.5092809095,127.0343725293
634,서울특별시 강남구 논현2동 229-20,"서울특별시 강남구 봉은사로29길 24-12 (논현동, 파라곤빌)",37.5092884469,127.0350909670
635,서울특별시 강남구 율현동 298-10,서울특별시 강남구 밤고개로24길 42 (율현동),37.4719289896,127.1060056956
636,서울특별시 강남구 율현동 252-13,서울특별시 강남구 밤고개로24길 34-2 (율현동),37.4725621020,127.1059357085
637,서울특별시 강남구 율현동 300-11,서울특별시 강남구 밤고개로24길 40-13 (율현동),37.4722709951,127.1051180752
638,서울특별시 강남구 율현동 308-12,서울특별시 강남구 밤고개로24길 64 (율현동),37.4706101325,127.1051526022
639,서울특별시 강남구 율현동 308-28,서울특별시 강남구 밤고개로24길 66-7 (율현동),37.4706262215,127.1044856574
640,서울특별시 강남구 율현동 320,서울특별시 강남구 밤고개로24길 80-13 (율현동),37.4703588274,127.1034322720
641,서울특별시 강남구 율현동 325-15,서울특별시 강남구 밤고개로24길 84-12 (율현동),37.4702739622,127.1033178668
642,서울특별시 강남구 율현동 408,서울특별시 강남구 밤고개로26길 13-29 (율현동),37.4692034082,127.1051265535
643,서울특별시 강남구 율현동 416,서울특별시 강남구 밤고개로26길 13-13 (율현동),37.4699544691,127.1059574634
644,서울특별시 강남구 율현동 424,서울특별시 강남구 밤고개로26길 11-21 (율현동),37.4704909864,127.1068959298
645,서울특별시 강남구 율현동 433,서울특별시 강남구 밤고개로21길 8 (율현동),37.4735487656,127.1078636941
646,서울특별시 강남구 율현동 194-5,서울특별시 강남구 밤고개로23길 12 (율현동),37.4732587938,127.1080902803
647,서울특별시 강남구 율현동 196-25,서울특별시 강남구 밤고개로23길 20-9 (율현동),37.4734708264,127.1088482440
648,서울특별시 강남구 율현동 503,서울특별시 강남구 밤고개로27길 9-5 (율현동),37.4715516379,127.1086930740
649,서울특별시 강남구 세곡동 348-1,서울특별시 강남구 헌릉로571길 34-1 (세곡동),37.4680243837,127.1009499449
650,서울특별시 강남구 세곡동 367-11,서울특별시 강남구 헌릉로571길 34-17 (세곡동),37.4686870724,127.1004265454
651,서울특별시 강남구 세곡동 364-4,서울특별시 강남구 헌릉로571길 46-11 (세곡동),37.4687504035,127.0998002617
652,서울특별시 강남구 세곡동 372,서울특별시 강남구 헌릉로571길 46-8 (세곡동),37.4683531968,127.0999556185
653,서울특별시 강남구 세곡동 374-1,서울특별시 강남구 헌릉로571길 50-8 (세곡동),37.4682577914,127.0994078042
654,서울특별시 강남구 세곡동 429,서울특별시 강남구 헌릉로569길 52-29 (세곡동),37.4683805975,127.0978988571
655,서울특별시 강남구 세곡동 442-2,서울특별시 강남구 헌릉로569길 52-13 (세곡동),37.4685978440,127.0961272030
656,서울특별시 강남구 세곡동 421,서울특별시 강남구 헌릉로571길 70-2 (세곡동),37.4675757453,127.0974378448
657,서울특별시 강남구 세곡동 442-20,서울특별시 강남구 헌릉로569길 52-13 (세곡동),37.4685978440,127.0961272030
658,서울특별시 강남구 세곡동 375-2,서울특별시 강남구 헌릉로571길 46-2 (세곡동),37.4679124772,127.0999973091
659,서울특별시 강남구 세곡동 102-30,서울특별시 강남구 헌릉로637길 12 (세곡동),37.4659514479,127.1090402452
660,서울특별시 강남구 세곡동 104-7,서울특별시 강남구 헌릉로645길 21 (세곡동),37.4663629550,127.1096078459
661,서울특별시 강남구 세곡동 100-33,서울특별시 강남구 헌릉로645길 13 (세곡동),37.4657949625,127.1096027212
662,서울특별시 강남구 세곡동 168-7,서울특별시 강남구 헌릉로622길 23 (세곡동),37.4630633293,127.1068897630
663,서울특별시 강남구 세곡동 175-11,서울특별시 강남구 밤고개로36길 26 (세곡동),37.4631755863,127.1055969259
664,서울특별시 강남구 세곡동 171-15,서울특별시 강남구 밤고개로34길 27 (세곡동),37.4636471716,127.1055006052
665,서울특별시 강남구 세곡동 462-5,서울특별시 강남구 자곡로7길 20-12 (세곡동),37.4744680911,127.0986586996
666,서울특별시 강남구 세곡동 467-11,서울특별시 강남구 자곡로7길 22-15 (세곡동),37.4747360082,127.0979524799
667,서울특별시 강남구 세곡동 471-11,서울특별시 강남구 밤고개로27길 7-2 (세곡동),37.4717013802,127.1084049081
